{
    "total_runtime": 18.31216859817505,
    "num_documents": 1,
    "input_load_time": 0,
    "workflows": {
        "create_base_text_units": {
            "overall": 0.2581963539123535,
            "0_orderby": 0.0,
            "1_zip": 0.0010001659393310547,
            "2_aggregate_override": 0.003001689910888672,
            "3_chunk": 0.23715496063232422,
            "4_select": 0.001001596450805664,
            "5_unroll": 0.0035169124603271484,
            "6_rename": 0.0,
            "7_genid": 0.0010058879852294922,
            "8_unzip": 0.0020012855529785156,
            "9_copy": 0.0010006427764892578,
            "10_filter": 0.007513284683227539
        },
        "create_base_extracted_entities": {
            "overall": 0.05751633644104004,
            "0_entity_extract": 0.050510406494140625,
            "1_merge_graphs": 0.007005929946899414
        },
        "create_summarized_entities": {
            "overall": 0.014528989791870117,
            "0_summarize_descriptions": 0.01352238655090332
        },
        "create_base_entity_graph": {
            "overall": 0.018726587295532227,
            "0_cluster_graph": 0.017188549041748047,
            "1_select": 0.0015380382537841797
        },
        "create_final_entities": {
            "overall": 2.688412666320801,
            "0_unpack_graph": 0.0019996166229248047,
            "1_rename": 0.0,
            "2_select": 0.0009996891021728516,
            "3_dedupe": 0.0015048980712890625,
            "4_rename": 0.0009295940399169922,
            "5_filter": 0.004950523376464844,
            "6_text_split": 0.001035451889038086,
            "7_drop": 0.0,
            "8_merge": 0.004761934280395508,
            "9_text_embed": 2.6633288860321045,
            "10_drop": 0.0010488033294677734,
            "11_filter": 0.005846500396728516
        },
        "create_final_nodes": {
            "overall": 0.06447649002075195,
            "0_layout_graph": 0.014866113662719727,
            "1_unpack_graph": 0.0035142898559570312,
            "2_unpack_graph": 0.0035054683685302734,
            "3_drop": 0.0019965171813964844,
            "4_filter": 0.008524417877197266,
            "5_select": 0.0009987354278564453,
            "6_rename": 0.0019998550415039062,
            "7_join": 0.017086505889892578,
            "8_convert": 0.01004791259765625,
            "9_rename": 0.0013976097106933594
        },
        "create_final_communities": {
            "overall": 0.09193539619445801,
            "0_unpack_graph": 0.0036554336547851562,
            "1_unpack_graph": 0.004186868667602539,
            "2_aggregate_override": 0.005999088287353516,
            "3_join": 0.011991739273071289,
            "4_join": 0.012531757354736328,
            "5_concat": 0.0019979476928710938,
            "6_filter": 0.008069753646850586,
            "7_aggregate_override": 0.006432294845581055,
            "8_join": 0.016245126724243164,
            "9_filter": 0.010091781616210938,
            "10_fill": 0.0015070438385009766,
            "11_merge": 0.003020048141479492,
            "12_copy": 0.0011055469512939453,
            "13_select": 0.0020067691802978516
        },
        "join_text_units_to_entity_ids": {
            "overall": 0.004122018814086914,
            "0_select": 0.0010101795196533203,
            "1_unroll": 0.0009903907775878906,
            "2_aggregate_override": 0.002121448516845703
        },
        "create_final_relationships": {
            "overall": 0.017125844955444336,
            "0_unpack_graph": 0.0019996166229248047,
            "1_filter": 0.0030019283294677734,
            "2_rename": 0.0010008811950683594,
            "3_filter": 0.005121707916259766,
            "4_drop": 0.0,
            "5_compute_edge_combined_degree": 0.005002498626708984,
            "6_convert": 0.0009992122650146484,
            "7_convert": 0.0
        },
        "join_text_units_to_relationship_ids": {
            "overall": 0.0048694610595703125,
            "0_select": 0.0010020732879638672,
            "1_unroll": 0.0014944076538085938,
            "2_aggregate_override": 0.0018625259399414062,
            "3_select": 0.0005104541778564453
        },
        "create_final_community_reports": {
            "overall": 12.202125072479248,
            "0_prepare_community_reports_nodes": 0.0025703907012939453,
            "1_prepare_community_reports_edges": 0.001313924789428711,
            "2_restore_community_hierarchy": 0.0035147666931152344,
            "3_prepare_community_reports": 0.020895719528198242,
            "4_create_community_reports": 12.17278790473938,
            "5_window": 0.0005230903625488281
        },
        "create_final_text_units": {
            "overall": 0.01410055160522461,
            "0_select": 0.0,
            "1_rename": 0.0010004043579101562,
            "2_join": 0.00509333610534668,
            "3_join": 0.004008769989013672,
            "4_aggregate_override": 0.00199127197265625,
            "5_select": 0.0010077953338623047
        },
        "create_base_documents": {
            "overall": 0.017655134201049805,
            "0_unroll": 0.0030007362365722656,
            "1_select": 0.0,
            "2_rename": 0.001007080078125,
            "3_join": 0.002999544143676758,
            "4_aggregate_override": 0.0020880699157714844,
            "5_join": 0.005004167556762695,
            "6_rename": 0.0009872913360595703,
            "7_convert": 0.0015680789947509766
        },
        "create_final_documents": {
            "overall": 0.0010030269622802734,
            "0_rename": 0.0010030269622802734
        }
    }
}